<?xml version="1.0" encoding="UTF-8" standalone="yes"?>
<styleSheet xmlns="http://schemas.openxmlformats.org/spreadsheetml/2006/main" xmlns:mc="http://schemas.openxmlformats.org/markup-compatibility/2006" xmlns:x14ac="http://schemas.microsoft.com/office/spreadsheetml/2009/9/ac" mc:Ignorable="x14ac">
  <numFmts count="1">
    <numFmt numFmtId="164" formatCode="yyyy\-mm\-dd\ hh:mm"/>
  </numFmts>
  <fonts count="1" x14ac:knownFonts="1">
    <font>
      <sz val="11"/>
      <color theme="1"/>
      <name val="Calibri"/>
      <family val="2"/>
      <scheme val="minor"/>
    </font>
  </fonts>
  <fills count="2">
    <fill>
      <patternFill patternType="none"/>
    </fill>
    <fill>
      <patternFill patternType="gray125"/>
    </fill>
  </fills>
  <borders count="1">
    <border>
      <left/>
      <right/>
      <top/>
      <bottom/>
      <diagonal/>
    </border>
  </borders>
  <cellStyleXfs count="1">
    <xf numFmtId="0" fontId="0" fillId="0" borderId="0"/>
  </cellStyleXfs>
  <cellXfs count="2">
    <xf numFmtId="0" fontId="0" fillId="0" borderId="0" xfId="0"/>
    <xf numFmtId="164" fontId="0" fillId="0" borderId="0" xfId="0" applyNumberFormat="1"/>
  </cellXfs>
  <cellStyles count="1">
    <cellStyle name="Normal" xfId="0" builtinId="0"/>
  </cellStyles>
  <dxfs count="0"/>
  <tableStyles count="0" defaultTableStyle="TableStyleMedium2" defaultPivotStyle="PivotStyleLight16"/>
  <extLst>
    <ext xmlns:x14="http://schemas.microsoft.com/office/spreadsheetml/2009/9/main" uri="{EB79DEF2-80B8-43e5-95BD-54CBDDF9020C}">
      <x14:slicerStyles defaultSlicerStyle="SlicerStyleLight1"/>
    </ext>
  </extLst>
</styleSheet>
